id;person_id;lastname;firstname;title;gender;email;sso_account;vacation_days;phone_pro;address_type;address_line1;address_zip;address_city;address_country;avs_number;birthdate;marital_status;nb_children;language;nationality;zemis;special_cases;with_holding_tax
1;251;Clooney;Georges;Lead Consultant;M;g.clooney@hollywood.com;gclooney;25;41263215246;2;Movie Road 1;1110;Hollywood;CH;756.3779.3841.98;1961-05-06;2;0;en;US;0;1
2;53;Viard;Karin;Consultant;F;k.viard@hollywood.com;kviard;25;41263215246;4;Movie Road 15;1110;Hollywood;CH;756.3779.3841.97;1966-01-24;2;2;fr;FR;1;1
3;149;Redford;Robert;Senior Consultant;M;r.redford@hollywood.com;rredford;25;41263215246;2;Movie Road 22;1110;Hollywood;CH;756.3779.3841.96;1936-08-18;2;2;en;US;1;1
4;102;Pitt;Brad;Junior Consultant;M;b.pitt@hollywood.com;bpitt;25;41263215246;2;Movie Road 26;1110;Hollywood;CH;756.3779.3841.95;1963-12-18;1;8;en;US;1;1
5;102;Pitt;Brad;Junior Consultant;M;b.pitt@hollywood.com;bpitt;25;41263215246;2;Movie Road 26;1110;Hollywood;CH;756.3779.3841.95;1963-12-18;1;8;en;US;3;1